"시점","행정구역별(시도)","연령별",미혼모,미혼부
"2015","전국","계",24487,10601
"2015","전국","20세미만",350,84
"2015","전국","20~24세",1929,414
"2015","전국","25~29세",3013,494
"2015","전국","30~34세",4078,1219
"2015","전국","35~39세",4761,1931
"2015","전국","40~44세",4454,2398
"2015","전국","45~49세",3233,2193
"2015","전국","50세이상",2669,1868
"2015","서울특별시","계",4510,1613
"2015","서울특별시","20세미만",45,10
"2015","서울특별시","20~24세",268,45
"2015","서울특별시","25~29세",399,61
"2015","서울특별시","30~34세",646,187
"2015","서울특별시","35~39세",887,315
"2015","서울특별시","40~44세",926,361
"2015","서울특별시","45~49세",730,313
"2015","서울특별시","50세이상",609,321
"2015","부산광역시","계",1766,653
"2015","부산광역시","20세미만",19,X
"2015","부산광역시","20~24세",127,25
"2015","부산광역시","25~29세",195,29
"2015","부산광역시","30~34세",252,70
"2015","부산광역시","35~39세",350,100
"2015","부산광역시","40~44세",345,162
"2015","부산광역시","45~49세",259,134
"2015","부산광역시","50세이상",219,130
"2015","대구광역시","계",1258,485
"2015","대구광역시","20세미만",15,X
"2015","대구광역시","20~24세",86,14
"2015","대구광역시","25~29세",120,22
"2015","대구광역시","30~34세",208,49
"2015","대구광역시","35~39세",267,97
"2015","대구광역시","40~44세",244,126
"2015","대구광역시","45~49세",173,107
"2015","대구광역시","50세이상",145,67
"2015","인천광역시","계",1551,725
"2015","인천광역시","20세미만",27,5
"2015","인천광역시","20~24세",153,34
"2015","인천광역시","25~29세",181,36
"2015","인천광역시","30~34세",285,95
"2015","인천광역시","35~39세",346,131
"2015","인천광역시","40~44세",272,152
"2015","인천광역시","45~49세",162,152
"2015","인천광역시","50세이상",125,120
"2015","광주광역시","계",1014,454
"2015","광주광역시","20세미만",14,5
"2015","광주광역시","20~24세",90,18
"2015","광주광역시","25~29세",119,29
"2015","광주광역시","30~34세",180,49
"2015","광주광역시","35~39세",221,93
"2015","광주광역시","40~44세",166,103
"2015","광주광역시","45~49세",128,92
"2015","광주광역시","50세이상",96,65
"2015","대전광역시","계",806,414
"2015","대전광역시","20세미만",22,X
"2015","대전광역시","20~24세",80,20
"2015","대전광역시","25~29세",103,23
"2015","대전광역시","30~34세",121,45
"2015","대전광역시","35~39세",162,73
"2015","대전광역시","40~44세",132,115
"2015","대전광역시","45~49세",109,81
"2015","대전광역시","50세이상",77,57
"2015","울산광역시","계",412,226
"2015","울산광역시","20세미만",9,X
"2015","울산광역시","20~24세",28,6
"2015","울산광역시","25~29세",53,12
"2015","울산광역시","30~34세",73,31
"2015","울산광역시","35~39세",77,42
"2015","울산광역시","40~44세",81,57
"2015","울산광역시","45~49세",51,41
"2015","울산광역시","50세이상",40,36
"2015","세종특별자치시","계",65,27
"2015","세종특별자치시","20세미만",X,X
"2015","세종특별자치시","20~24세",X,X
"2015","세종특별자치시","25~29세",12,X
"2015","세종특별자치시","30~34세",18,5
"2015","세종특별자치시","35~39세",8,8
"2015","세종특별자치시","40~44세",13,X
"2015","세종특별자치시","45~49세",7,6
"2015","세종특별자치시","50세이상",6,X
"2015","경기도","계",5380,2420
"2015","경기도","20세미만",61,23
"2015","경기도","20~24세",395,90
"2015","경기도","25~29세",601,114
"2015","경기도","30~34세",909,287
"2015","경기도","35~39세",1039,444
"2015","경기도","40~44세",1039,558
"2015","경기도","45~49세",746,505
"2015","경기도","50세이상",590,399
"2015","강원특별자치도","계",712,353
"2015","강원특별자치도","20세미만",18,X
"2015","강원특별자치도","20~24세",63,14
"2015","강원특별자치도","25~29세",104,13
"2015","강원특별자치도","30~34세",122,37
"2015","강원특별자치도","35~39세",130,49
"2015","강원특별자치도","40~44세",105,67
"2015","강원특별자치도","45~49세",85,75
"2015","강원특별자치도","50세이상",85,95
"2015","충청북도","계",848,318
"2015","충청북도","20세미만",15,7
"2015","충청북도","20~24세",79,21
"2015","충청북도","25~29세",152,19
"2015","충청북도","30~34세",141,25
"2015","충청북도","35~39세",156,61
"2015","충청북도","40~44세",138,74
"2015","충청북도","45~49세",90,55
"2015","충청북도","50세이상",77,56
"2015","충청남도","계",982,455
"2015","충청남도","20세미만",9,6
"2015","충청남도","20~24세",91,18
"2015","충청남도","25~29세",162,22
"2015","충청남도","30~34세",195,62
"2015","충청남도","35~39세",181,85
"2015","충청남도","40~44세",147,105
"2015","충청남도","45~49세",102,85
"2015","충청남도","50세이상",95,72
"2015","전라북도","계",1043,480
"2015","전라북도","20세미만",18,5
"2015","전라북도","20~24세",102,25
"2015","전라북도","25~29세",154,29
"2015","전라북도","30~34세",189,46
"2015","전라북도","35~39세",188,86
"2015","전라북도","40~44세",186,107
"2015","전라북도","45~49세",108,97
"2015","전라북도","50세이상",98,85
"2015","전라남도","계",890,529
"2015","전라남도","20세미만",19,X
"2015","전라남도","20~24세",88,16
"2015","전라남도","25~29세",166,19
"2015","전라남도","30~34세",171,50
"2015","전라남도","35~39세",156,91
"2015","전라남도","40~44세",122,101
"2015","전라남도","45~49세",82,135
"2015","전라남도","50세이상",86,116
"2015","경상북도","계",1280,566
"2015","경상북도","20세미만",17,6
"2015","경상북도","20~24세",107,30
"2015","경상북도","25~29세",209,33
"2015","경상북도","30~34세",252,66
"2015","경상북도","35~39세",223,95
"2015","경상북도","40~44세",204,125
"2015","경상북도","45~49세",157,118
"2015","경상북도","50세이상",111,93
"2015","경상남도","계",1482,665
"2015","경상남도","20세미만",27,X
"2015","경상남도","20~24세",126,28
"2015","경상남도","25~29세",220,24
"2015","경상남도","30~34세",251,78
"2015","경상남도","35~39세",277,120
"2015","경상남도","40~44세",248,142
"2015","경상남도","45~49세",182,156
"2015","경상남도","50세이상",151,115
"2015","제주특별자치도","계",488,218
"2015","제주특별자치도","20세미만",14,X
"2015","제주특별자치도","20~24세",46,8
"2015","제주특별자치도","25~29세",63,9
"2015","제주특별자치도","30~34세",65,37
"2015","제주특별자치도","35~39세",93,41
"2015","제주특별자치도","40~44세",86,40
"2015","제주특별자치도","45~49세",62,41
"2015","제주특별자치도","50세이상",59,39
"2016","전국","계",23936,9172
"2016","전국","20세미만",435,28
"2016","전국","20~24세",1979,355
"2016","전국","25~29세",2942,434
"2016","전국","30~34세",3960,903
"2016","전국","35~39세",4853,1613
"2016","전국","40~44세",4126,2041
"2016","전국","45~49세",3166,2016
"2016","전국","50세이상",2475,1782
"2016","서울특별시","계",4344,1374
"2016","서울특별시","20세미만",56,X
"2016","서울특별시","20~24세",280,45
"2016","서울특별시","25~29세",406,59
"2016","서울특별시","30~34세",643,146
"2016","서울특별시","35~39세",866,266
"2016","서울특별시","40~44세",835,287
"2016","서울특별시","45~49세",689,291
"2016","서울특별시","50세이상",569,277
"2016","부산광역시","계",1700,556
"2016","부산광역시","20세미만",24,X
"2016","부산광역시","20~24세",122,20
"2016","부산광역시","25~29세",191,25
"2016","부산광역시","30~34세",238,47
"2016","부산광역시","35~39세",346,82
"2016","부산광역시","40~44세",325,131
"2016","부산광역시","45~49세",255,133
"2016","부산광역시","50세이상",199,118
"2016","대구광역시","계",1204,433
"2016","대구광역시","20세미만",17,X
"2016","대구광역시","20~24세",89,12
"2016","대구광역시","25~29세",114,19
"2016","대구광역시","30~34세",193,31
"2016","대구광역시","35~39세",277,88
"2016","대구광역시","40~44세",217,120
"2016","대구광역시","45~49세",179,98
"2016","대구광역시","50세이상",118,63
"2016","인천광역시","계",1551,630
"2016","인천광역시","20세미만",29,X
"2016","인천광역시","20~24세",159,29
"2016","인천광역시","25~29세",188,32
"2016","인천광역시","30~34세",276,72
"2016","인천광역시","35~39세",346,113
"2016","인천광역시","40~44세",257,128
"2016","인천광역시","45~49세",173,137
"2016","인천광역시","50세이상",123,117
"2016","광주광역시","계",986,399
"2016","광주광역시","20세미만",16,X
"2016","광주광역시","20~24세",92,15
"2016","광주광역시","25~29세",115,26
"2016","광주광역시","30~34세",179,37
"2016","광주광역시","35~39세",218,80
"2016","광주광역시","40~44세",168,87
"2016","광주광역시","45~49세",110,76
"2016","광주광역시","50세이상",88,76
"2016","대전광역시","계",797,361
"2016","대전광역시","20세미만",21,X
"2016","대전광역시","20~24세",90,12
"2016","대전광역시","25~29세",112,12
"2016","대전광역시","30~34세",121,37
"2016","대전광역시","35~39세",147,54
"2016","대전광역시","40~44세",127,103
"2016","대전광역시","45~49세",110,80
"2016","대전광역시","50세이상",69,62
"2016","울산광역시","계",404,203
"2016","울산광역시","20세미만",9,X
"2016","울산광역시","20~24세",43,X
"2016","울산광역시","25~29세",49,13
"2016","울산광역시","30~34세",69,27
"2016","울산광역시","35~39세",78,33
"2016","울산광역시","40~44세",75,49
"2016","울산광역시","45~49세",42,43
"2016","울산광역시","50세이상",39,34
"2016","세종특별자치시","계",74,35
"2016","세종특별자치시","20세미만",X,X
"2016","세종특별자치시","20~24세",X,X
"2016","세종특별자치시","25~29세",10,X
"2016","세종특별자치시","30~34세",22,6
"2016","세종특별자치시","35~39세",12,10
"2016","세종특별자치시","40~44세",9,6
"2016","세종특별자치시","45~49세",15,6
"2016","세종특별자치시","50세이상",X,X
"2016","경기도","계",5330,2064
"2016","경기도","20세미만",88,11
"2016","경기도","20~24세",401,74
"2016","경기도","25~29세",620,96
"2016","경기도","30~34세",891,221
"2016","경기도","35~39세",1074,363
"2016","경기도","40~44세",967,465
"2016","경기도","45~49세",740,457
"2016","경기도","50세이상",549,377
"2016","강원특별자치도","계",696,284
"2016","강원특별자치도","20세미만",19,X
"2016","강원특별자치도","20~24세",66,13
"2016","강원특별자치도","25~29세",104,10
"2016","강원특별자치도","30~34세",112,28
"2016","강원특별자치도","35~39세",128,39
"2016","강원특별자치도","40~44세",107,52
"2016","강원특별자치도","45~49세",83,62
"2016","강원특별자치도","50세이상",77,79
"2016","충청북도","계",799,273
"2016","충청북도","20세미만",13,X
"2016","충청북도","20~24세",80,17
"2016","충청북도","25~29세",123,19
"2016","충청북도","30~34세",144,20
"2016","충청북도","35~39세",155,44
"2016","충청북도","40~44세",127,66
"2016","충청북도","45~49세",76,59
"2016","충청북도","50세이상",81,47
"2016","충청남도","계",980,370
"2016","충청남도","20세미만",23,X
"2016","충청남도","20~24세",103,18
"2016","충청남도","25~29세",147,15
"2016","충청남도","30~34세",172,25
"2016","충청남도","35~39세",213,83
"2016","충청남도","40~44세",131,85
"2016","충청남도","45~49세",105,74
"2016","충청남도","50세이상",86,69
"2016","전라북도","계",1012,426
"2016","전라북도","20세미만",28,X
"2016","전라북도","20~24세",100,24
"2016","전라북도","25~29세",143,31
"2016","전라북도","30~34세",185,36
"2016","전라북도","35~39세",195,61
"2016","전라북도","40~44세",165,99
"2016","전라북도","45~49세",117,87
"2016","전라북도","50세이상",79,88
"2016","전라남도","계",877,470
"2016","전라남도","20세미만",30,X
"2016","전라남도","20~24세",83,14
"2016","전라남도","25~29세",154,17
"2016","전라남도","30~34세",171,35
"2016","전라남도","35~39세",166,77
"2016","전라남도","40~44세",119,90
"2016","전라남도","45~49세",78,111
"2016","전라남도","50세이상",76,126
"2016","경상북도","계",1256,504
"2016","경상북도","20세미만",22,X
"2016","경상북도","20~24세",92,26
"2016","경상북도","25~29세",215,26
"2016","경상북도","30~34세",220,58
"2016","경상북도","35~39세",257,83
"2016","경상북도","40~44세",192,101
"2016","경상북도","45~49세",148,118
"2016","경상북도","50세이상",110,91
"2016","경상남도","계",1455,599
"2016","경상남도","20세미만",28,X
"2016","경상남도","20~24세",136,21
"2016","경상남도","25~29세",192,23
"2016","경상남도","30~34세",255,51
"2016","경상남도","35~39세",290,103
"2016","경상남도","40~44세",216,131
"2016","경상남도","45~49세",186,149
"2016","경상남도","50세이상",152,120
"2016","제주특별자치도","계",471,191
"2016","제주특별자치도","20세미만",9,X
"2016","제주특별자치도","20~24세",43,7
"2016","제주특별자치도","25~29세",59,10
"2016","제주특별자치도","30~34세",69,26
"2016","제주특별자치도","35~39세",85,34
"2016","제주특별자치도","40~44세",89,41
"2016","제주특별자치도","45~49세",60,35
"2016","제주특별자치도","50세이상",57,36
"2017","전국","계",22065,8424
"2017","전국","20세미만",377,10
"2017","전국","20~24세",1724,284
"2017","전국","25~29세",2507,395
"2017","전국","30~34세",3286,719
"2017","전국","35~39세",4672,1437
"2017","전국","40~44세",4010,1813
"2017","전국","45~49세",3147,1964
"2017","전국","50세이상",2342,1802
"2017","서울특별시","계",4037,1262
"2017","서울특별시","20세미만",45,X
"2017","서울특별시","20~24세",227,35
"2017","서울특별시","25~29세",386,47
"2017","서울특별시","30~34세",528,123
"2017","서울특별시","35~39세",837,232
"2017","서울특별시","40~44세",783,255
"2017","서울특별시","45~49세",677,281
"2017","서울특별시","50세이상",554,287
"2017","부산광역시","계",1573,501
"2017","부산광역시","20세미만",18,X
"2017","부산광역시","20~24세",101,15
"2017","부산광역시","25~29세",166,21
"2017","부산광역시","30~34세",194,31
"2017","부산광역시","35~39세",343,78
"2017","부산광역시","40~44세",307,108
"2017","부산광역시","45~49세",264,134
"2017","부산광역시","50세이상",180,113
"2017","대구광역시","계",1107,408
"2017","대구광역시","20세미만",19,X
"2017","대구광역시","20~24세",76,11
"2017","대구광역시","25~29세",105,18
"2017","대구광역시","30~34세",143,21
"2017","대구광역시","35~39세",258,79
"2017","대구광역시","40~44세",225,99
"2017","대구광역시","45~49세",159,111
"2017","대구광역시","50세이상",122,69
"2017","인천광역시","계",1517,591
"2017","인천광역시","20세미만",25,X
"2017","인천광역시","20~24세",146,21
"2017","인천광역시","25~29세",210,40
"2017","인천광역시","30~34세",243,51
"2017","인천광역시","35~39세",333,108
"2017","인천광역시","40~44세",249,116
"2017","인천광역시","45~49세",192,135
"2017","인천광역시","50세이상",119,119
"2017","광주광역시","계",923,363
"2017","광주광역시","20세미만",11,X
"2017","광주광역시","20~24세",87,14
"2017","광주광역시","25~29세",102,18
"2017","광주광역시","30~34세",153,25
"2017","광주광역시","35~39세",213,71
"2017","광주광역시","40~44세",171,79
"2017","광주광역시","45~49세",102,75
"2017","광주광역시","50세이상",84,81
"2017","대전광역시","계",731,337
"2017","대전광역시","20세미만",16,X
"2017","대전광역시","20~24세",76,14
"2017","대전광역시","25~29세",99,12
"2017","대전광역시","30~34세",95,34
"2017","대전광역시","35~39세",154,44
"2017","대전광역시","40~44세",123,97
"2017","대전광역시","45~49세",108,77
"2017","대전광역시","50세이상",60,58
"2017","울산광역시","계",370,186
"2017","울산광역시","20세미만",14,X
"2017","울산광역시","20~24세",30,X
"2017","울산광역시","25~29세",47,11
"2017","울산광역시","30~34세",55,19
"2017","울산광역시","35~39세",81,29
"2017","울산광역시","40~44세",64,44
"2017","울산광역시","45~49세",49,44
"2017","울산광역시","50세이상",30,36
"2017","세종특별자치시","계",84,30
"2017","세종특별자치시","20세미만",X,X
"2017","세종특별자치시","20~24세",X,X
"2017","세종특별자치시","25~29세",5,X
"2017","세종특별자치시","30~34세",22,5
"2017","세종특별자치시","35~39세",20,8
"2017","세종특별자치시","40~44세",13,7
"2017","세종특별자치시","45~49세",17,9
"2017","세종특별자치시","50세이상",X,X
"2017","경기도","계",5070,1894
"2017","경기도","20세미만",77,X
"2017","경기도","20~24세",366,59
"2017","경기도","25~29세",555,98
"2017","경기도","30~34세",816,195
"2017","경기도","35~39세",1034,308
"2017","경기도","40~44세",966,421
"2017","경기도","45~49세",735,437
"2017","경기도","50세이상",521,373
"2017","강원특별자치도","계",603,264
"2017","강원특별자치도","20세미만",12,X
"2017","강원특별자치도","20~24세",49,10
"2017","강원특별자치도","25~29세",72,13
"2017","강원특별자치도","30~34세",94,16
"2017","강원특별자치도","35~39세",128,34
"2017","강원특별자치도","40~44세",88,54
"2017","강원특별자치도","45~49세",86,51
"2017","강원특별자치도","50세이상",74,86
"2017","충청북도","계",678,253
"2017","충청북도","20세미만",15,X
"2017","충청북도","20~24세",67,15
"2017","충청북도","25~29세",83,15
"2017","충청북도","30~34세",111,20
"2017","충청북도","35~39세",141,43
"2017","충청북도","40~44세",122,57
"2017","충청북도","45~49세",71,56
"2017","충청북도","50세이상",68,46
"2017","충청남도","계",897,346
"2017","충청남도","20세미만",23,X
"2017","충청남도","20~24세",93,14
"2017","충청남도","25~29세",122,14
"2017","충청남도","30~34세",128,21
"2017","충청남도","35~39세",206,74
"2017","충청남도","40~44세",141,76
"2017","충청남도","45~49세",101,68
"2017","충청남도","50세이상",83,79
"2017","전라북도","계",894,393
"2017","전라북도","20세미만",23,X
"2017","전라북도","20~24세",91,20
"2017","전라북도","25~29세",112,22
"2017","전라북도","30~34세",136,31
"2017","전라북도","35~39세",182,63
"2017","전라북도","40~44세",160,84
"2017","전라북도","45~49세",118,84
"2017","전라북도","50세이상",72,89
"2017","전라남도","계",743,420
"2017","전라남도","20세미만",29,X
"2017","전라남도","20~24세",74,10
"2017","전라남도","25~29세",107,12
"2017","전라남도","30~34세",119,27
"2017","전라남도","35~39세",149,71
"2017","전라남도","40~44세",120,79
"2017","전라남도","45~49세",83,103
"2017","전라남도","50세이상",62,118
"2017","경상북도","계",1092,464
"2017","경상북도","20세미만",17,X
"2017","경상북도","20~24세",90,22
"2017","경상북도","25~29세",140,17
"2017","경상북도","30~34세",180,49
"2017","경상북도","35~39세",252,69
"2017","경상북도","40~44세",173,89
"2017","경상북도","45~49세",132,123
"2017","경상북도","50세이상",108,95
"2017","경상남도","계",1283,543
"2017","경상남도","20세미만",21,X
"2017","경상남도","20~24세",117,15
"2017","경상남도","25~29세",133,29
"2017","경상남도","30~34세",203,32
"2017","경상남도","35~39세",255,98
"2017","경상남도","40~44세",222,111
"2017","경상남도","45~49세",184,138
"2017","경상남도","50세이상",148,120
"2017","제주특별자치도","계",463,169
"2017","제주특별자치도","20세미만",10,X
"2017","제주특별자치도","20~24세",32,6
"2017","제주특별자치도","25~29세",63,8
"2017","제주특별자치도","30~34세",66,19
"2017","제주특별자치도","35~39세",86,28
"2017","제주특별자치도","40~44세",83,37
"2017","제주특별자치도","45~49세",69,38
"2017","제주특별자치도","50세이상",54,32
"2018","전국","계",21254,7768
"2018","전국","20세미만",317,6
"2018","전국","20~24세",1579,197
"2018","전국","25~29세",2498,392
"2018","전국","30~34세",3047,622
"2018","전국","35~39세",4550,1283
"2018","전국","40~44세",3969,1636
"2018","전국","45~49세",3058,1834
"2018","전국","50세이상",2236,1798
"2018","서울특별시","계",3784,1175
"2018","서울특별시","20세미만",38,X
"2018","서울특별시","20~24세",209,23
"2018","서울특별시","25~29세",397,46
"2018","서울특별시","30~34세",475,102
"2018","서울특별시","35~39세",772,221
"2018","서울특별시","40~44세",746,243
"2018","서울특별시","45~49세",639,264
"2018","서울특별시","50세이상",508,275
"2018","부산광역시","계",1473,451
"2018","부산광역시","20세미만",13,X
"2018","부산광역시","20~24세",102,7
"2018","부산광역시","25~29세",148,28
"2018","부산광역시","30~34세",188,35
"2018","부산광역시","35~39세",301,60
"2018","부산광역시","40~44세",301,96
"2018","부산광역시","45~49세",244,114
"2018","부산광역시","50세이상",176,110
"2018","대구광역시","계",1036,374
"2018","대구광역시","20세미만",10,X
"2018","대구광역시","20~24세",68,6
"2018","대구광역시","25~29세",91,16
"2018","대구광역시","30~34세",130,16
"2018","대구광역시","35~39세",250,65
"2018","대구광역시","40~44세",215,85
"2018","대구광역시","45~49세",157,110
"2018","대구광역시","50세이상",115,75
"2018","인천광역시","계",1528,534
"2018","인천광역시","20세미만",23,X
"2018","인천광역시","20~24세",129,13
"2018","인천광역시","25~29세",231,36
"2018","인천광역시","30~34세",239,48
"2018","인천광역시","35~39세",347,104
"2018","인천광역시","40~44세",244,98
"2018","인천광역시","45~49세",203,114
"2018","인천광역시","50세이상",112,119
"2018","광주광역시","계",889,331
"2018","광주광역시","20세미만",14,X
"2018","광주광역시","20~24세",73,8
"2018","광주광역시","25~29세",113,20
"2018","광주광역시","30~34세",133,20
"2018","광주광역시","35~39세",210,58
"2018","광주광역시","40~44세",167,64
"2018","광주광역시","45~49세",97,74
"2018","광주광역시","50세이상",82,87
"2018","대전광역시","계",706,323
"2018","대전광역시","20세미만",21,X
"2018","대전광역시","20~24세",67,8
"2018","대전광역시","25~29세",97,18
"2018","대전광역시","30~34세",88,28
"2018","대전광역시","35~39세",146,42
"2018","대전광역시","40~44세",123,87
"2018","대전광역시","45~49세",98,74
"2018","대전광역시","50세이상",66,66
"2018","울산광역시","계",369,167
"2018","울산광역시","20세미만",14,X
"2018","울산광역시","20~24세",34,X
"2018","울산광역시","25~29세",36,7
"2018","울산광역시","30~34세",62,14
"2018","울산광역시","35~39세",84,26
"2018","울산광역시","40~44세",60,37
"2018","울산광역시","45~49세",46,45
"2018","울산광역시","50세이상",33,35
"2018","세종특별자치시","계",107,31
"2018","세종특별자치시","20세미만",X,X
"2018","세종특별자치시","20~24세",X,X
"2018","세종특별자치시","25~29세",6,X
"2018","세종특별자치시","30~34세",21,X
"2018","세종특별자치시","35~39세",25,8
"2018","세종특별자치시","40~44세",23,6
"2018","세종특별자치시","45~49세",21,10
"2018","세종특별자치시","50세이상",X,X
"2018","경기도","계",4986,1775
"2018","경기도","20세미만",58,X
"2018","경기도","20~24세",339,44
"2018","경기도","25~29세",574,88
"2018","경기도","30~34세",756,181
"2018","경기도","35~39세",1059,291
"2018","경기도","40~44세",955,395
"2018","경기도","45~49세",731,405
"2018","경기도","50세이상",514,371
"2018","강원특별자치도","계",577,237
"2018","강원특별자치도","20세미만",15,X
"2018","강원특별자치도","20~24세",42,5
"2018","강원특별자치도","25~29세",65,16
"2018","강원특별자치도","30~34세",88,10
"2018","강원특별자치도","35~39세",130,25
"2018","강원특별자치도","40~44세",103,49
"2018","강원특별자치도","45~49세",72,50
"2018","강원특별자치도","50세이상",62,82
"2018","충청북도","계",649,223
"2018","충청북도","20세미만",12,X
"2018","충청북도","20~24세",57,14
"2018","충청북도","25~29세",80,14
"2018","충청북도","30~34세",101,15
"2018","충청북도","35~39세",143,30
"2018","충청북도","40~44세",115,47
"2018","충청북도","45~49세",80,59
"2018","충청북도","50세이상",61,43
"2018","충청남도","계",866,323
"2018","충청남도","20세미만",22,X
"2018","충청남도","20~24세",93,9
"2018","충청남도","25~29세",110,20
"2018","충청남도","30~34세",144,15
"2018","충청남도","35~39세",184,71
"2018","충청남도","40~44세",145,65
"2018","충청남도","45~49세",94,77
"2018","충청남도","50세이상",74,66
"2018","전라북도","계",868,361
"2018","전라북도","20세미만",12,X
"2018","전라북도","20~24세",90,19
"2018","전라북도","25~29세",117,20
"2018","전라북도","30~34세",130,23
"2018","전라북도","35~39세",172,54
"2018","전라북도","40~44세",167,74
"2018","전라북도","45~49세",107,77
"2018","전라북도","50세이상",73,94
"2018","전라남도","계",711,376
"2018","전라남도","20세미만",18,X
"2018","전라남도","20~24세",76,5
"2018","전라남도","25~29세",101,12
"2018","전라남도","30~34세",103,22
"2018","전라남도","35~39세",146,59
"2018","전라남도","40~44세",126,72
"2018","전라남도","45~49세",79,91
"2018","전라남도","50세이상",62,115
"2018","경상북도","계",1029,434
"2018","경상북도","20세미만",15,X
"2018","경상북도","20~24세",75,17
"2018","경상북도","25~29세",131,17
"2018","경상북도","30~34세",159,42
"2018","경상북도","35~39세",238,64
"2018","경상북도","40~44세",172,87
"2018","경상북도","45~49세",142,107
"2018","경상북도","50세이상",97,100
"2018","경상남도","계",1217,495
"2018","경상남도","20세미만",19,X
"2018","경상남도","20~24세",92,11
"2018","경상남도","25~29세",141,25
"2018","경상남도","30~34세",178,33
"2018","경상남도","35~39세",248,77
"2018","경상남도","40~44세",225,100
"2018","경상남도","45~49세",173,126
"2018","경상남도","50세이상",141,123
"2018","제주특별자치도","계",459,158
"2018","제주특별자치도","20세미만",9,X
"2018","제주특별자치도","20~24세",29,5
"2018","제주특별자치도","25~29세",60,8
"2018","제주특별자치도","30~34세",52,15
"2018","제주특별자치도","35~39세",95,28
"2018","제주특별자치도","40~44세",82,31
"2018","제주특별자치도","45~49세",75,37
"2018","제주특별자치도","50세이상",57,34
"2019","전국","계",20761,7082
"2019","전국","20세미만",268,X
"2019","전국","20~24세",1475,124
"2019","전국","25~29세",2502,377
"2019","전국","30~34세",2962,560
"2019","전국","35~39세",4398,1121
"2019","전국","40~44세",3976,1416
"2019","전국","45~49세",3017,1695
"2019","전국","50세이상",2163,1786
"2019","서울특별시","계",3598,1066
"2019","서울특별시","20세미만",35,X
"2019","서울특별시","20~24세",187,14
"2019","서울특별시","25~29세",375,49
"2019","서울특별시","30~34세",456,92
"2019","서울특별시","35~39세",739,182
"2019","서울특별시","40~44세",757,211
"2019","서울특별시","45~49세",575,234
"2019","서울특별시","50세이상",474,284
"2019","부산광역시","계",1455,412
"2019","부산광역시","20세미만",13,X
"2019","부산광역시","20~24세",89,5
"2019","부산광역시","25~29세",160,29
"2019","부산광역시","30~34세",180,33
"2019","부산광역시","35~39세",284,46
"2019","부산광역시","40~44세",312,79
"2019","부산광역시","45~49세",243,107
"2019","부산광역시","50세이상",174,112
"2019","대구광역시","계",1014,335
"2019","대구광역시","20세미만",12,X
"2019","대구광역시","20~24세",60,X
"2019","대구광역시","25~29세",107,14
"2019","대구광역시","30~34세",121,16
"2019","대구광역시","35~39세",213,50
"2019","대구광역시","40~44세",222,79
"2019","대구광역시","45~49세",165,89
"2019","대구광역시","50세이상",114,83
"2019","인천광역시","계",1494,493
"2019","인천광역시","20세미만",23,X
"2019","인천광역시","20~24세",122,7
"2019","인천광역시","25~29세",234,32
"2019","인천광역시","30~34세",224,49
"2019","인천광역시","35~39세",343,95
"2019","인천광역시","40~44세",239,91
"2019","인천광역시","45~49세",194,108
"2019","인천광역시","50세이상",115,109
"2019","광주광역시","계",856,294
"2019","광주광역시","20세미만",8,X
"2019","광주광역시","20~24세",59,5
"2019","광주광역시","25~29세",116,13
"2019","광주광역시","30~34세",126,20
"2019","광주광역시","35~39세",188,38
"2019","광주광역시","40~44세",166,56
"2019","광주광역시","45~49세",114,75
"2019","광주광역시","50세이상",79,87
"2019","대전광역시","계",682,278
"2019","대전광역시","20세미만",13,X
"2019","대전광역시","20~24세",64,X
"2019","대전광역시","25~29세",95,18
"2019","대전광역시","30~34세",95,22
"2019","대전광역시","35~39세",127,27
"2019","대전광역시","40~44세",137,68
"2019","대전광역시","45~49세",88,80
"2019","대전광역시","50세이상",63,60
"2019","울산광역시","계",351,155
"2019","울산광역시","20세미만",14,X
"2019","울산광역시","20~24세",38,X
"2019","울산광역시","25~29세",34,5
"2019","울산광역시","30~34세",56,13
"2019","울산광역시","35~39세",72,29
"2019","울산광역시","40~44세",61,40
"2019","울산광역시","45~49세",48,43
"2019","울산광역시","50세이상",28,24
"2019","세종특별자치시","계",111,29
"2019","세종특별자치시","20세미만",X,X
"2019","세종특별자치시","20~24세",7,X
"2019","세종특별자치시","25~29세",5,X
"2019","세종특별자치시","30~34세",13,X
"2019","세종특별자치시","35~39세",30,5
"2019","세종특별자치시","40~44세",24,10
"2019","세종특별자치시","45~49세",22,6
"2019","세종특별자치시","50세이상",9,X
"2019","경기도","계",4971,1670
"2019","경기도","20세미만",38,X
"2019","경기도","20~24세",328,34
"2019","경기도","25~29세",569,81
"2019","경기도","30~34세",774,154
"2019","경기도","35~39세",1043,301
"2019","경기도","40~44세",958,338
"2019","경기도","45~49세",721,388
"2019","경기도","50세이상",540,374
"2019","강원특별자치도","계",555,208
"2019","강원특별자치도","20세미만",9,X
"2019","강원특별자치도","20~24세",49,X
"2019","강원특별자치도","25~29세",65,15
"2019","강원특별자치도","30~34세",77,14
"2019","강원특별자치도","35~39세",124,30
"2019","강원특별자치도","40~44세",94,35
"2019","강원특별자치도","45~49세",85,43
"2019","강원특별자치도","50세이상",52,70
"2019","충청북도","계",624,208
"2019","충청북도","20세미만",7,X
"2019","충청북도","20~24세",53,11
"2019","충청북도","25~29세",83,11
"2019","충청북도","30~34세",101,22
"2019","충청북도","35~39세",131,24
"2019","충청북도","40~44세",118,39
"2019","충청북도","45~49세",84,58
"2019","충청북도","50세이상",47,43
"2019","충청남도","계",864,301
"2019","충청남도","20세미만",18,X
"2019","충청남도","20~24세",90,6
"2019","충청남도","25~29세",119,18
"2019","충청남도","30~34세",142,17
"2019","충청남도","35~39세",188,49
"2019","충청남도","40~44세",149,64
"2019","충청남도","45~49세",91,71
"2019","충청남도","50세이상",67,76
"2019","전라북도","계",846,323
"2019","전라북도","20세미만",15,X
"2019","전라북도","20~24세",85,7
"2019","전라북도","25~29세",118,25
"2019","전라북도","30~34세",114,20
"2019","전라북도","35~39세",186,40
"2019","전라북도","40~44세",142,59
"2019","전라북도","45~49세",123,82
"2019","전라북도","50세이상",63,90
"2019","전라남도","계",704,339
"2019","전라남도","20세미만",16,X
"2019","전라남도","20~24세",71,X
"2019","전라남도","25~29세",96,11
"2019","전라남도","30~34세",99,21
"2019","전라남도","35~39세",160,44
"2019","전라남도","40~44세",119,62
"2019","전라남도","45~49세",89,81
"2019","전라남도","50세이상",54,117
"2019","경상북도","계",981,392
"2019","경상북도","20세미만",12,X
"2019","경상북도","20~24세",57,9
"2019","경상북도","25~29세",129,24
"2019","경상북도","30~34세",150,32
"2019","경상북도","35~39세",232,60
"2019","경상북도","40~44세",181,72
"2019","경상북도","45~49세",128,89
"2019","경상북도","50세이상",92,106
"2019","경상남도","계",1195,436
"2019","경상남도","20세미만",26,X
"2019","경상남도","20~24세",88,9
"2019","경상남도","25~29세",141,21
"2019","경상남도","30~34세",171,21
"2019","경상남도","35~39세",242,70
"2019","경상남도","40~44세",219,89
"2019","경상남도","45~49세",174,108
"2019","경상남도","50세이상",134,118
"2019","제주특별자치도","계",460,143
"2019","제주특별자치도","20세미만",8,X
"2019","제주특별자치도","20~24세",28,5
"2019","제주특별자치도","25~29세",56,10
"2019","제주특별자치도","30~34세",63,11
"2019","제주특별자치도","35~39세",96,31
"2019","제주특별자치도","40~44세",78,24
"2019","제주특별자치도","45~49세",73,33
"2019","제주특별자치도","50세이상",58,29
"2020","전국","계",20572,6673
"2020","전국","20세미만",231,X
"2020","전국","20~24세",1409,74
"2020","전국","25~29세",2430,370
"2020","전국","30~34세",2979,522
"2020","전국","35~39세",4192,981
"2020","전국","40~44세",4142,1332
"2020","전국","45~49세",3029,1555
"2020","전국","50세이상",2160,1836
"2020","서울특별시","계",3521,981
"2020","서울특별시","20세미만",22,X
"2020","서울특별시","20~24세",193,13
"2020","서울특별시","25~29세",347,51
"2020","서울특별시","30~34세",471,78
"2020","서울특별시","35~39세",696,160
"2020","서울특별시","40~44세",744,181
"2020","서울특별시","45~49세",580,205
"2020","서울특별시","50세이상",468,293
"2020","부산광역시","계",1422,385
"2020","부산광역시","20세미만",12,X
"2020","부산광역시","20~24세",80,X
"2020","부산광역시","25~29세",165,25
"2020","부산광역시","30~34세",186,30
"2020","부산광역시","35~39세",255,40
"2020","부산광역시","40~44세",316,73
"2020","부산광역시","45~49세",229,103
"2020","부산광역시","50세이상",179,111
"2020","대구광역시","계",976,314
"2020","대구광역시","20세미만",12,X
"2020","대구광역시","20~24세",60,X
"2020","대구광역시","25~29세",95,11
"2020","대구광역시","30~34세",125,17
"2020","대구광역시","35~39세",191,33
"2020","대구광역시","40~44세",216,76
"2020","대구광역시","45~49세",163,83
"2020","대구광역시","50세이상",114,92
"2020","인천광역시","계",1514,478
"2020","인천광역시","20세미만",20,X
"2020","인천광역시","20~24세",113,5
"2020","인천광역시","25~29세",234,26
"2020","인천광역시","30~34세",239,45
"2020","인천광역시","35~39세",332,88
"2020","인천광역시","40~44세",277,101
"2020","인천광역시","45~49세",184,98
"2020","인천광역시","50세이상",115,113
"2020","광주광역시","계",850,274
"2020","광주광역시","20세미만",12,X
"2020","광주광역시","20~24세",57,X
"2020","광주광역시","25~29세",118,11
"2020","광주광역시","30~34세",122,17
"2020","광주광역시","35~39세",186,31
"2020","광주광역시","40~44세",168,55
"2020","광주광역시","45~49세",103,74
"2020","광주광역시","50세이상",84,83
"2020","대전광역시","계",670,255
"2020","대전광역시","20세미만",12,X
"2020","대전광역시","20~24세",68,X
"2020","대전광역시","25~29세",88,19
"2020","대전광역시","30~34세",90,18
"2020","대전광역시","35~39세",121,30
"2020","대전광역시","40~44세",146,55
"2020","대전광역시","45~49세",83,66
"2020","대전광역시","50세이상",62,66
"2020","울산광역시","계",364,153
"2020","울산광역시","20세미만",13,X
"2020","울산광역시","20~24세",35,X
"2020","울산광역시","25~29세",39,X
"2020","울산광역시","30~34세",58,11
"2020","울산광역시","35~39세",72,27
"2020","울산광역시","40~44세",67,39
"2020","울산광역시","45~49세",55,36
"2020","울산광역시","50세이상",25,35
"2020","세종특별자치시","계",112,31
"2020","세종특별자치시","20세미만",X,X
"2020","세종특별자치시","20~24세",X,X
"2020","세종특별자치시","25~29세",8,X
"2020","세종특별자치시","30~34세",10,X
"2020","세종특별자치시","35~39세",33,5
"2020","세종특별자치시","40~44세",21,9
"2020","세종특별자치시","45~49세",22,5
"2020","세종특별자치시","50세이상",13,7
"2020","경기도","계",5033,1623
"2020","경기도","20세미만",38,X
"2020","경기도","20~24세",303,18
"2020","경기도","25~29세",585,89
"2020","경기도","30~34세",801,157
"2020","경기도","35~39세",1022,271
"2020","경기도","40~44세",987,325
"2020","경기도","45~49세",755,364
"2020","경기도","50세이상",542,399
"2020","강원특별자치도","계",551,199
"2020","강원특별자치도","20세미만",10,X
"2020","강원특별자치도","20~24세",51,X
"2020","강원특별자치도","25~29세",56,12
"2020","강원특별자치도","30~34세",69,16
"2020","강원특별자치도","35~39세",113,30
"2020","강원특별자치도","40~44세",110,31
"2020","강원특별자치도","45~49세",83,41
"2020","강원특별자치도","50세이상",59,69
"2020","충청북도","계",606,192
"2020","충청북도","20세미만",6,X
"2020","충청북도","20~24세",49,5
"2020","충청북도","25~29세",75,19
"2020","충청북도","30~34세",99,19
"2020","충청북도","35~39세",118,18
"2020","충청북도","40~44세",128,39
"2020","충청북도","45~49세",81,53
"2020","충청북도","50세이상",50,39
"2020","충청남도","계",884,281
"2020","충청남도","20세미만",16,X
"2020","충청남도","20~24세",90,X
"2020","충청남도","25~29세",127,17
"2020","충청남도","30~34세",145,20
"2020","충청남도","35~39세",183,41
"2020","충청남도","40~44세",159,57
"2020","충청남도","45~49세",100,71
"2020","충청남도","50세이상",64,72
"2020","전라북도","계",826,298
"2020","전라북도","20세미만",13,X
"2020","전라북도","20~24세",76,5
"2020","전라북도","25~29세",112,21
"2020","전라북도","30~34세",95,17
"2020","전라북도","35~39세",182,38
"2020","전라북도","40~44세",154,49
"2020","전라북도","45~49세",125,76
"2020","전라북도","50세이상",69,92
"2020","전라남도","계",685,317
"2020","전라남도","20세미만",13,X
"2020","전라남도","20~24세",58,X
"2020","전라남도","25~29세",87,12
"2020","전라남도","30~34세",97,14
"2020","전라남도","35~39세",155,33
"2020","전라남도","40~44세",123,71
"2020","전라남도","45~49세",96,74
"2020","전라남도","50세이상",56,113
"2020","경상북도","계",959,353
"2020","경상북도","20세미만",17,X
"2020","경상북도","20~24세",48,7
"2020","경상북도","25~29세",114,23
"2020","경상북도","30~34세",142,27
"2020","경상북도","35~39세",224,54
"2020","경상북도","40~44세",195,61
"2020","경상북도","45~49세",132,81
"2020","경상북도","50세이상",87,100
"2020","경상남도","계",1160,399
"2020","경상남도","20세미만",11,X
"2020","경상남도","20~24세",96,5
"2020","경상남도","25~29세",138,19
"2020","경상남도","30~34세",160,22
"2020","경상남도","35~39세",231,54
"2020","경상남도","40~44세",245,85
"2020","경상남도","45~49세",163,93
"2020","경상남도","50세이상",116,121
"2020","제주특별자치도","계",439,140
"2020","제주특별자치도","20세미만",X,X
"2020","제주특별자치도","20~24세",29,X
"2020","제주특별자치도","25~29세",42,10
"2020","제주특별자치도","30~34세",70,10
"2020","제주특별자치도","35~39세",78,28
"2020","제주특별자치도","40~44세",86,25
"2020","제주특별자치도","45~49세",75,32
"2020","제주특별자치도","50세이상",57,31
"2021","전국","계",20345,6307
"2021","전국","20세미만",176,X
"2021","전국","20~24세",1254,31
"2021","전국","25~29세",2394,340
"2021","전국","30~34세",3014,566
"2021","전국","35~39세",4088,901
"2021","전국","40~44세",4230,1247
"2021","전국","45~49세",2969,1422
"2021","전국","50세이상",2220,1798
"2021","서울특별시","계",3413,916
"2021","서울특별시","20세미만",19,X
"2021","서울특별시","20~24세",163,X
"2021","서울특별시","25~29세",340,50
"2021","서울특별시","30~34세",476,79
"2021","서울특별시","35~39세",679,145
"2021","서울특별시","40~44세",718,177
"2021","서울특별시","45~49세",558,178
"2021","서울특별시","50세이상",460,283
"2021","부산광역시","계",1389,351
"2021","부산광역시","20세미만",8,X
"2021","부산광역시","20~24세",65,X
"2021","부산광역시","25~29세",153,24
"2021","부산광역시","30~34세",191,29
"2021","부산광역시","35~39세",246,41
"2021","부산광역시","40~44세",299,56
"2021","부산광역시","45~49세",242,86
"2021","부산광역시","50세이상",185,114
"2021","대구광역시","계",936,291
"2021","대구광역시","20세미만",6,X
"2021","대구광역시","20~24세",57,X
"2021","대구광역시","25~29세",88,15
"2021","대구광역시","30~34세",126,20
"2021","대구광역시","35~39세",181,22
"2021","대구광역시","40~44세",221,67
"2021","대구광역시","45~49세",148,86
"2021","대구광역시","50세이상",109,81
"2021","인천광역시","계",1520,475
"2021","인천광역시","20세미만",17,X
"2021","인천광역시","20~24세",93,X
"2021","인천광역시","25~29세",237,23
"2021","인천광역시","30~34세",246,56
"2021","인천광역시","35~39세",332,90
"2021","인천광역시","40~44세",292,101
"2021","인천광역시","45~49세",174,87
"2021","인천광역시","50세이상",129,114
"2021","광주광역시","계",838,252
"2021","광주광역시","20세미만",8,X
"2021","광주광역시","20~24세",40,X
"2021","광주광역시","25~29세",106,11
"2021","광주광역시","30~34세",134,18
"2021","광주광역시","35~39세",181,24
"2021","광주광역시","40~44세",176,49
"2021","광주광역시","45~49세",109,66
"2021","광주광역시","50세이상",84,82
"2021","대전광역시","계",662,230
"2021","대전광역시","20세미만",11,X
"2021","대전광역시","20~24세",68,X
"2021","대전광역시","25~29세",88,14
"2021","대전광역시","30~34세",97,17
"2021","대전광역시","35~39세",120,35
"2021","대전광역시","40~44세",124,43
"2021","대전광역시","45~49세",93,60
"2021","대전광역시","50세이상",61,60
"2021","울산광역시","계",367,139
"2021","울산광역시","20세미만",9,X
"2021","울산광역시","20~24세",37,X
"2021","울산광역시","25~29세",47,5
"2021","울산광역시","30~34세",46,12
"2021","울산광역시","35~39세",78,21
"2021","울산광역시","40~44세",73,33
"2021","울산광역시","45~49세",52,33
"2021","울산광역시","50세이상",25,35
"2021","세종특별자치시","계",116,33
"2021","세종특별자치시","20세미만",X,X
"2021","세종특별자치시","20~24세",5,X
"2021","세종특별자치시","25~29세",11,X
"2021","세종특별자치시","30~34세",10,7
"2021","세종특별자치시","35~39세",26,5
"2021","세종특별자치시","40~44세",29,10
"2021","세종특별자치시","45~49세",16,X
"2021","세종특별자치시","50세이상",18,7
"2021","경기도","계",5090,1599
"2021","경기도","20세미만",43,X
"2021","경기도","20~24세",267,11
"2021","경기도","25~29세",568,78
"2021","경기도","30~34세",840,172
"2021","경기도","35~39세",1051,278
"2021","경기도","40~44세",1030,319
"2021","경기도","45~49세",728,343
"2021","경기도","50세이상",563,398
"2021","강원특별자치도","계",551,176
"2021","강원특별자치도","20세미만",X,X
"2021","강원특별자치도","20~24세",46,X
"2021","강원특별자치도","25~29세",56,12
"2021","강원특별자치도","30~34세",71,13
"2021","강원특별자치도","35~39세",102,19
"2021","강원특별자치도","40~44세",118,32
"2021","강원특별자치도","45~49세",89,31
"2021","강원특별자치도","50세이상",66,68
"2021","충청북도","계",606,182
"2021","충청북도","20세미만",X,X
"2021","충청북도","20~24세",57,X
"2021","충청북도","25~29세",73,18
"2021","충청북도","30~34세",90,19
"2021","충청북도","35~39세",121,22
"2021","충청북도","40~44세",127,32
"2021","충청북도","45~49세",82,46
"2021","충청북도","50세이상",52,43
"2021","충청남도","계",865,274
"2021","충청남도","20세미만",8,X
"2021","충청남도","20~24세",71,X
"2021","충청남도","25~29세",135,14
"2021","충청남도","30~34세",136,24
"2021","충청남도","35~39세",172,26
"2021","충청남도","40~44세",172,66
"2021","충청남도","45~49세",101,67
"2021","충청남도","50세이상",70,75
"2021","전라북도","계",823,264
"2021","전라북도","20세미만",13,X
"2021","전라북도","20~24세",66,X
"2021","전라북도","25~29세",111,17
"2021","전라북도","30~34세",110,19
"2021","전라북도","35~39세",169,31
"2021","전라북도","40~44세",164,40
"2021","전라북도","45~49세",116,68
"2021","전라북도","50세이상",74,89
"2021","전라남도","계",668,295
"2021","전라남도","20세미만",8,X
"2021","전라남도","20~24세",53,X
"2021","전라남도","25~29세",92,10
"2021","전라남도","30~34세",94,18
"2021","전라남도","35~39세",134,31
"2021","전라남도","40~44세",137,55
"2021","전라남도","45~49세",92,77
"2021","전라남도","50세이상",58,103
"2021","경상북도","계",933,328
"2021","경상북도","20세미만",9,X
"2021","경상북도","20~24세",53,X
"2021","경상북도","25~29세",102,22
"2021","경상북도","30~34세",137,27
"2021","경상북도","35~39세",194,47
"2021","경상북도","40~44세",214,67
"2021","경상북도","45~49세",138,78
"2021","경상북도","50세이상",86,86
"2021","경상남도","계",1136,373
"2021","경상남도","20세미만",8,X
"2021","경상남도","20~24세",85,X
"2021","경상남도","25~29세",144,17
"2021","경상남도","30~34세",146,26
"2021","경상남도","35~39세",230,43
"2021","경상남도","40~44세",251,75
"2021","경상남도","45~49세",151,85
"2021","경상남도","50세이상",121,126
"2021","제주특별자치도","계",432,129
"2021","제주특별자치도","20세미만",X,X
"2021","제주특별자치도","20~24세",28,X
"2021","제주특별자치도","25~29세",43,9
"2021","제주특별자치도","30~34세",64,10
"2021","제주특별자치도","35~39세",72,21
"2021","제주특별자치도","40~44세",85,25
"2021","제주특별자치도","45~49세",80,28
"2021","제주특별자치도","50세이상",59,34
"2022","전국","계",20132,5889
"2022","전국","20세미만",157,X
"2022","전국","20~24세",1075,17
"2022","전국","25~29세",2262,281
"2022","전국","30~34세",3191,555
"2022","전국","35~39세",3884,840
"2022","전국","40~44세",4310,1177
"2022","전국","45~49세",2986,1294
"2022","전국","50세이상",2267,1724
"2022","서울특별시","계",3384,860
"2022","서울특별시","20세미만",16,X
"2022","서울특별시","20~24세",137,X
"2022","서울특별시","25~29세",304,36
"2022","서울특별시","30~34세",505,75
"2022","서울특별시","35~39세",658,138
"2022","서울특별시","40~44세",745,172
"2022","서울특별시","45~49세",540,162
"2022","서울특별시","50세이상",479,275
"2022","부산광역시","계",1344,327
"2022","부산광역시","20세미만",8,X
"2022","부산광역시","20~24세",56,X
"2022","부산광역시","25~29세",135,15
"2022","부산광역시","30~34세",196,32
"2022","부산광역시","35~39세",234,36
"2022","부산광역시","40~44세",302,60
"2022","부산광역시","45~49세",233,80
"2022","부산광역시","50세이상",180,103
"2022","대구광역시","계",909,268
"2022","대구광역시","20세미만",8,X
"2022","대구광역시","20~24세",47,X
"2022","대구광역시","25~29세",92,10
"2022","대구광역시","30~34세",115,21
"2022","대구광역시","35~39세",153,23
"2022","대구광역시","40~44세",223,53
"2022","대구광역시","45~49세",163,75
"2022","대구광역시","50세이상",108,85
"2022","인천광역시","계",1553,446
"2022","인천광역시","20세미만",13,X
"2022","인천광역시","20~24세",76,X
"2022","인천광역시","25~29세",226,22
"2022","인천광역시","30~34세",288,57
"2022","인천광역시","35~39세",319,77
"2022","인천광역시","40~44세",309,97
"2022","인천광역시","45~49세",187,79
"2022","인천광역시","50세이상",135,110
"2022","광주광역시","계",836,233
"2022","광주광역시","20세미만",X,X
"2022","광주광역시","20~24세",52,X
"2022","광주광역시","25~29세",110,10
"2022","광주광역시","30~34세",125,15
"2022","광주광역시","35~39세",162,18
"2022","광주광역시","40~44세",182,46
"2022","광주광역시","45~49세",116,55
"2022","광주광역시","50세이상",85,89
"2022","대전광역시","계",668,204
"2022","대전광역시","20세미만",9,X
"2022","대전광역시","20~24세",54,X
"2022","대전광역시","25~29세",93,11
"2022","대전광역시","30~34세",110,17
"2022","대전광역시","35~39세",118,27
"2022","대전광역시","40~44세",135,38
"2022","대전광역시","45~49세",87,54
"2022","대전광역시","50세이상",62,56
"2022","울산광역시","계",362,123
"2022","울산광역시","20세미만",7,X
"2022","울산광역시","20~24세",35,X
"2022","울산광역시","25~29세",49,X
"2022","울산광역시","30~34세",47,14
"2022","울산광역시","35~39세",68,19
"2022","울산광역시","40~44세",84,25
"2022","울산광역시","45~49세",41,33
"2022","울산광역시","50세이상",31,29
"2022","세종특별자치시","계",124,29
"2022","세종특별자치시","20세미만",X,X
"2022","세종특별자치시","20~24세",7,X
"2022","세종특별자치시","25~29세",11,X
"2022","세종특별자치시","30~34세",9,6
"2022","세종특별자치시","35~39세",28,X
"2022","세종특별자치시","40~44세",30,8
"2022","세종특별자치시","45~49세",16,X
"2022","세종특별자치시","50세이상",23,9
"2022","경기도","계",5053,1545
"2022","경기도","20세미만",35,X
"2022","경기도","20~24세",227,X
"2022","경기도","25~29세",530,69
"2022","경기도","30~34세",905,169
"2022","경기도","35~39세",1050,293
"2022","경기도","40~44세",1008,317
"2022","경기도","45~49세",754,325
"2022","경기도","50세이상",544,369
"2022","강원특별자치도","계",544,166
"2022","강원특별자치도","20세미만",X,X
"2022","강원특별자치도","20~24세",37,X
"2022","강원특별자치도","25~29세",51,9
"2022","강원특별자치도","30~34세",75,14
"2022","강원특별자치도","35~39세",95,20
"2022","강원특별자치도","40~44세",119,30
"2022","강원특별자치도","45~49세",83,33
"2022","강원특별자치도","50세이상",81,60
"2022","충청북도","계",599,171
"2022","충청북도","20세미만",5,X
"2022","충청북도","20~24세",45,X
"2022","충청북도","25~29세",77,14
"2022","충청북도","30~34세",91,23
"2022","충청북도","35~39세",110,23
"2022","충청북도","40~44세",134,27
"2022","충청북도","45~49세",87,42
"2022","충청북도","50세이상",50,40
"2022","충청남도","계",851,259
"2022","충청남도","20세미만",8,X
"2022","충청남도","20~24세",55,X
"2022","충청남도","25~29세",124,15
"2022","충청남도","30~34세",139,21
"2022","충청남도","35~39세",161,24
"2022","충청남도","40~44세",181,65
"2022","충청남도","45~49세",114,59
"2022","충청남도","50세이상",69,75
"2022","전라북도","계",823,238
"2022","전라북도","20세미만",11,X
"2022","전라북도","20~24세",69,X
"2022","전라북도","25~29세",105,17
"2022","전라북도","30~34세",128,14
"2022","전라북도","35~39세",150,25
"2022","전라북도","40~44세",170,42
"2022","전라북도","45~49세",102,60
"2022","전라북도","50세이상",88,80
"2022","전라남도","계",634,269
"2022","전라남도","20세미만",10,X
"2022","전라남도","20~24세",37,X
"2022","전라남도","25~29세",80,9
"2022","전라남도","30~34세",96,12
"2022","전라남도","35~39세",122,31
"2022","전라남도","40~44세",136,44
"2022","전라남도","45~49세",96,70
"2022","전라남도","50세이상",57,102
"2022","경상북도","계",922,295
"2022","경상북도","20세미만",11,X
"2022","경상북도","20~24세",44,X
"2022","경상북도","25~29세",101,19
"2022","경상북도","30~34세",138,23
"2022","경상북도","35~39세",168,37
"2022","경상북도","40~44세",229,58
"2022","경상북도","45~49세",132,62
"2022","경상북도","50세이상",99,94
"2022","경상남도","계",1107,341
"2022","경상남도","20세미만",7,X
"2022","경상남도","20~24세",76,X
"2022","경상남도","25~29세",136,13
"2022","경상남도","30~34세",162,31
"2022","경상남도","35~39세",212,31
"2022","경상남도","40~44세",238,74
"2022","경상남도","45~49세",159,74
"2022","경상남도","50세이상",117,118
"2022","제주특별자치도","계",419,115
"2022","제주특별자치도","20세미만",X,X
"2022","제주특별자치도","20~24세",21,X
"2022","제주특별자치도","25~29세",38,8
"2022","제주특별자치도","30~34세",62,11
"2022","제주특별자치도","35~39세",76,16
"2022","제주특별자치도","40~44세",85,21
"2022","제주특별자치도","45~49세",76,28
"2022","제주특별자치도","50세이상",59,30
"2023","전국","계",19898,5366
"2023","전국","20세미만",156,X
"2023","전국","20~24세",941,16
"2023","전국","25~29세",2174,190
"2023","전국","30~34세",3279,501
"2023","전국","35~39세",3780,790
"2023","전국","40~44세",4300,1069
"2023","전국","45~49세",2968,1158
"2023","전국","50세이상",2300,1641
"2023","서울특별시","계",3324,798
"2023","서울특별시","20세미만",16,X
"2023","서울특별시","20~24세",111,X
"2023","서울특별시","25~29세",283,28
"2023","서울특별시","30~34세",520,66
"2023","서울특별시","35~39세",656,128
"2023","서울특별시","40~44세",737,168
"2023","서울특별시","45~49세",526,146
"2023","서울특별시","50세이상",475,259
"2023","부산광역시","계",1347,291
"2023","부산광역시","20세미만",9,X
"2023","부산광역시","20~24세",48,X
"2023","부산광역시","25~29세",143,9
"2023","부산광역시","30~34세",221,33
"2023","부산광역시","35~39세",236,39
"2023","부산광역시","40~44세",285,50
"2023","부산광역시","45~49세",230,63
"2023","부산광역시","50세이상",175,96
"2023","대구광역시","계",886,254
"2023","대구광역시","20세미만",8,X
"2023","대구광역시","20~24세",47,X
"2023","대구광역시","25~29세",83,7
"2023","대구광역시","30~34세",125,22
"2023","대구광역시","35~39세",145,19
"2023","대구광역시","40~44세",217,52
"2023","대구광역시","45~49세",160,61
"2023","대구광역시","50세이상",101,93
"2023","인천광역시","계",1557,394
"2023","인천광역시","20세미만",9,X
"2023","인천광역시","20~24세",71,X
"2023","인천광역시","25~29세",213,13
"2023","인천광역시","30~34세",301,46
"2023","인천광역시","35~39세",312,75
"2023","인천광역시","40~44세",314,90
"2023","인천광역시","45~49세",189,71
"2023","인천광역시","50세이상",148,96
"2023","광주광역시","계",825,217
"2023","광주광역시","20세미만",6,X
"2023","광주광역시","20~24세",49,X
"2023","광주광역시","25~29세",107,9
"2023","광주광역시","30~34세",141,16
"2023","광주광역시","35~39세",154,19
"2023","광주광역시","40~44세",177,41
"2023","광주광역시","45~49세",114,48
"2023","광주광역시","50세이상",77,84
"2023","대전광역시","계",654,186
"2023","대전광역시","20세미만",5,X
"2023","대전광역시","20~24세",56,X
"2023","대전광역시","25~29세",83,X
"2023","대전광역시","30~34세",106,21
"2023","대전광역시","35~39세",119,25
"2023","대전광역시","40~44세",124,34
"2023","대전광역시","45~49세",95,54
"2023","대전광역시","50세이상",66,48
"2023","울산광역시","계",350,109
"2023","울산광역시","20세미만",6,X
"2023","울산광역시","20~24세",33,X
"2023","울산광역시","25~29세",45,X
"2023","울산광역시","30~34세",51,7
"2023","울산광역시","35~39세",60,16
"2023","울산광역시","40~44세",77,26
"2023","울산광역시","45~49세",42,24
"2023","울산광역시","50세이상",36,33
"2023","세종특별자치시","계",123,27
"2023","세종특별자치시","20세미만",X,X
"2023","세종특별자치시","20~24세",6,X
"2023","세종특별자치시","25~29세",9,X
"2023","세종특별자치시","30~34세",12,7
"2023","세종특별자치시","35~39세",22,X
"2023","세종특별자치시","40~44세",32,5
"2023","세종특별자치시","45~49세",19,X
"2023","세종특별자치시","50세이상",23,8
"2023","경기도","계",5068,1438
"2023","경기도","20세미만",38,X
"2023","경기도","20~24세",199,X
"2023","경기도","25~29세",503,47
"2023","경기도","30~34세",920,140
"2023","경기도","35~39세",1041,283
"2023","경기도","40~44세",1072,297
"2023","경기도","45~49세",724,304
"2023","경기도","50세이상",571,365
"2023","강원특별자치도","계",543,149
"2023","강원특별자치도","20세미만",7,X
"2023","강원특별자치도","20~24세",27,X
"2023","강원특별자치도","25~29세",61,X
"2023","강원특별자치도","30~34세",79,13
"2023","강원특별자치도","35~39세",88,17
"2023","강원특별자치도","40~44세",117,28
"2023","강원특별자치도","45~49세",86,32
"2023","강원특별자치도","50세이상",78,55
"2023","충청북도","계",577,165
"2023","충청북도","20세미만",12,X
"2023","충청북도","20~24세",35,X
"2023","충청북도","25~29세",75,10
"2023","충청북도","30~34세",96,23
"2023","충청북도","35~39세",97,25
"2023","충청북도","40~44세",133,21
"2023","충청북도","45~49세",83,39
"2023","충청북도","50세이상",46,44
"2023","충청남도","계",829,234
"2023","충청남도","20세미만",X,X
"2023","충청남도","20~24세",52,X
"2023","충청남도","25~29세",112,8
"2023","충청남도","30~34세",129,22
"2023","충청남도","35~39세",161,24
"2023","충청남도","40~44세",178,53
"2023","충청남도","45~49세",121,57
"2023","충청남도","50세이상",72,69
"2023","전라북도","계",809,209
"2023","전라북도","20세미만",8,X
"2023","전라북도","20~24세",56,X
"2023","전라북도","25~29세",112,13
"2023","전라북도","30~34세",125,18
"2023","전라북도","35~39세",136,19
"2023","전라북도","40~44세",175,35
"2023","전라북도","45~49세",111,49
"2023","전라북도","50세이상",86,75
"2023","전라남도","계",630,236
"2023","전라남도","20세미만",10,X
"2023","전라남도","20~24세",24,X
"2023","전라남도","25~29세",77,5
"2023","전라남도","30~34세",113,11
"2023","전라남도","35~39세",110,27
"2023","전라남도","40~44세",135,38
"2023","전라남도","45~49세",102,60
"2023","전라남도","50세이상",59,94
"2023","경상북도","계",887,246
"2023","경상북도","20세미만",7,X
"2023","경상북도","20~24세",42,X
"2023","경상북도","25~29세",102,17
"2023","경상북도","30~34세",130,20
"2023","경상북도","35~39세",168,29
"2023","경상북도","40~44세",204,46
"2023","경상북도","45~49세",140,52
"2023","경상북도","50세이상",94,80
"2023","경상남도","계",1088,309
"2023","경상남도","20세미만",8,X
"2023","경상남도","20~24세",63,X
"2023","경상남도","25~29세",130,8
"2023","경상남도","30~34세",151,25
"2023","경상남도","35~39세",214,29
"2023","경상남도","40~44세",234,65
"2023","경상남도","45~49세",162,74
"2023","경상남도","50세이상",126,108
"2023","제주특별자치도","계",401,104
"2023","제주특별자치도","20세미만",X,X
"2023","제주특별자치도","20~24세",22,X
"2023","제주특별자치도","25~29세",36,5
"2023","제주특별자치도","30~34세",59,11
"2023","제주특별자치도","35~39세",61,13
"2023","제주특별자치도","40~44세",89,20
"2023","제주특별자치도","45~49세",64,20
"2023","제주특별자치도","50세이상",67,34
